participant_id,cohort_year,program_cost_per_participant,transportation_stipend,materials_provided,laptop_loaned
CYC2019001,2019,850,50,Standard,Yes
CYC2019002,2019,1250,0,Standard,Yes
CYC2019003,2019,1250,0,Standard,No
CYC2019004,2019,950,0,Standard,Yes
CYC2019005,2019,1250,50,Standard,No
CYC2019006,2019,1250,0,Standard,No
CYC2019007,2019,850,50,Premium,Yes
CYC2019008,2019,950,25,Standard,Yes
CYC2019009,2019,950,0,Basic,Yes
CYC2019010,2019,1250,0,Basic,Yes
CYC2019011,2019,850,0,Standard,Yes
CYC2019012,2019,850,25,Basic,Yes
CYC2019013,2019,1100,25,Standard,No
CYC2019014,2019,850,0,Standard,No
CYC2019015,2019,1100,0,Standard,Yes
CYC2019016,2019,950,0,Standard,Yes
CYC2019017,2019,1100,25,Standard,No
CYC2019018,2019,1100,0,Premium,Yes
CYC2019019,2019,1250,50,Standard,Yes
CYC2019020,2019,950,0,Standard,Yes
CYC2019021,2019,1250,25,Standard,Yes
CYC2019022,2019,950,0,Standard,Yes
CYC2019023,2019,1250,50,Standard,Yes
CYC2019024,2019,1100,0,Standard,Yes
CYC2019025,2019,850,25,Standard,Yes
CYC2019026,2019,1100,25,Standard,Yes
CYC2019027,2019,950,75,Standard,Yes
CYC2019028,2019,850,0,Basic,No
CYC2019029,2019,950,25,Basic,Yes
CYC2019030,2019,1250,0,Standard,Yes
CYC2019031,2019,1100,0,Basic,Yes
CYC2019032,2019,850,50,Standard,Yes
CYC2019033,2019,1100,25,Standard,No
CYC2019034,2019,1100,75,Standard,Yes
CYC2019035,2019,1100,25,Standard,Yes
CYC2019036,2019,850,25,Standard,Yes
CYC2019037,2019,950,0,Standard,Yes
CYC2019038,2019,1250,0,Standard,Yes
CYC2019039,2019,850,0,Basic,Yes
CYC2019040,2019,1250,75,Standard,Yes
CYC2019041,2019,850,0,Standard,No
CYC2019042,2019,1100,50,Standard,Yes
CYC2019043,2019,1100,75,Premium,Yes
CYC2019044,2019,1100,0,Basic,Yes
CYC2019045,2019,950,50,Standard,No
CYC2019046,2019,1100,75,Standard,No
CYC2019047,2019,1100,75,Basic,Yes
CYC2019048,2019,950,75,Standard,Yes
CYC2019049,2019,950,75,Premium,No
CYC2019050,2019,1250,0,Premium,Yes
CYC2019051,2019,850,25,Standard,Yes
CYC2019052,2019,1250,0,Standard,No
CYC2019053,2019,1250,50,Premium,No
CYC2019054,2019,1250,25,Standard,No
CYC2019055,2019,1100,25,Standard,Yes
CYC2019056,2019,1250,50,Premium,Yes
CYC2019057,2019,850,0,Standard,Yes
CYC2019058,2019,950,50,Basic,Yes
CYC2019059,2019,1100,25,Premium,Yes
CYC2019060,2019,1100,50,Premium,No
CYC2019061,2019,1100,25,Basic,No
CYC2019062,2019,950,0,Premium,Yes
CYC2019063,2019,950,25,Standard,Yes
CYC2019064,2019,850,75,Standard,Yes
CYC2019065,2019,950,50,Basic,Yes
CYC2019066,2019,950,0,Standard,Yes
CYC2019067,2019,1100,75,Premium,Yes
CYC2019068,2019,850,50,Standard,No
CYC2019069,2019,950,0,Premium,Yes
CYC2019070,2019,950,50,Basic,Yes
CYC2019071,2019,850,25,Standard,Yes
CYC2019072,2019,1250,0,Basic,No
CYC2019073,2019,850,0,Standard,No
CYC2019074,2019,1250,0,Premium,Yes
CYC2019075,2019,1100,0,Standard,Yes
CYC2019076,2019,1100,25,Standard,Yes
CYC2019077,2019,1100,75,Standard,Yes
CYC2019078,2019,1250,0,Standard,No
CYC2019079,2019,950,0,Standard,Yes
CYC2019080,2019,950,25,Standard,No
CYC2019081,2019,850,0,Standard,Yes
CYC2019082,2019,1250,25,Standard,Yes
CYC2019083,2019,850,0,Standard,Yes
CYC2019084,2019,1250,75,Standard,No
CYC2019085,2019,850,0,Standard,No
CYC2019086,2019,1250,50,Standard,No
CYC2019087,2019,950,25,Standard,No
CYC2019088,2019,850,75,Standard,Yes
CYC2019089,2019,950,25,Standard,Yes
CYC2019090,2019,1250,0,Standard,No
CYC2019091,2019,1250,25,Standard,Yes
CYC2019092,2019,850,50,Standard,Yes
CYC2019093,2019,1100,50,Standard,Yes
CYC2019094,2019,1250,0,Standard,No
CYC2019095,2019,1100,0,Premium,No
CYC2019096,2019,950,25,Standard,Yes
CYC2019097,2019,1100,75,Standard,Yes
CYC2019098,2019,850,0,Standard,Yes
CYC2019099,2019,950,50,Basic,No
CYC2019100,2019,850,0,Basic,No
CYC2019101,2019,850,0,Basic,Yes
CYC2019102,2019,850,75,Standard,Yes
CYC2019103,2019,1100,25,Premium,Yes
CYC2019104,2019,850,25,Basic,Yes
CYC2019105,2019,1100,75,Basic,Yes
CYC2019106,2019,950,0,Standard,No
CYC2019107,2019,850,25,Standard,Yes
CYC2019108,2019,1100,25,Standard,Yes
CYC2019109,2019,1250,50,Standard,Yes
CYC2019110,2019,1100,0,Standard,Yes
CYC2019111,2019,950,0,Standard,Yes
CYC2019112,2019,1100,25,Basic,No
CYC2019113,2019,950,0,Basic,No
CYC2019114,2019,1250,0,Standard,Yes
CYC2019115,2019,1100,25,Standard,Yes
CYC2019116,2019,850,0,Premium,Yes
CYC2019117,2019,850,25,Standard,Yes
CYC2019118,2019,1100,50,Standard,No
CYC2019119,2019,1250,50,Basic,No
CYC2019120,2019,850,75,Standard,Yes
CYC2019121,2019,950,25,Standard,No
CYC2019122,2019,950,25,Standard,Yes
CYC2019123,2019,850,0,Standard,Yes
CYC2019124,2019,950,75,Standard,No
CYC2019125,2019,950,25,Premium,No
CYC2019126,2019,850,0,Standard,Yes
CYC2019127,2019,1100,50,Standard,No
CYC2019128,2019,950,50,Basic,No
CYC2019129,2019,950,25,Standard,Yes
CYC2019130,2019,850,75,Standard,Yes
CYC2019131,2019,1250,0,Standard,No
CYC2019132,2019,1250,0,Standard,Yes
CYC2019133,2019,1250,0,Basic,No
CYC2019134,2019,1100,25,Standard,Yes
CYC2019135,2019,1100,0,Standard,Yes
CYC2019136,2019,1100,75,Standard,Yes
CYC2019137,2019,1100,0,Basic,No
CYC2019138,2019,950,0,Standard,Yes
CYC2019139,2019,850,75,Standard,Yes
CYC2019140,2019,850,0,Basic,No
CYC2019141,2019,950,25,Basic,Yes
CYC2019142,2019,1100,0,Premium,Yes
CYC2019143,2019,850,25,Basic,Yes
CYC2019144,2019,950,0,Basic,Yes
CYC2019145,2019,850,0,Standard,No
CYC2019146,2019,1100,0,Basic,Yes
CYC2019147,2019,1250,25,Premium,No
CYC2019148,2019,850,0,Standard,No
CYC2019149,2019,850,50,Standard,Yes
CYC2019150,2019,950,0,Premium,No
CYC2019151,2019,1250,50,Standard,No
CYC2019152,2019,950,50,Standard,Yes
CYC2019153,2019,850,25,Standard,Yes
CYC2019154,2019,850,75,Premium,No
CYC2019155,2019,1100,50,Standard,No
CYC2019156,2019,850,25,Premium,No
CYC2019157,2019,1100,50,Basic,Yes
CYC2019158,2019,1250,0,Standard,Yes
CYC2019159,2019,1100,75,Standard,Yes
CYC2019160,2019,1250,25,Premium,No
CYC2019161,2019,1250,25,Basic,Yes
CYC2019162,2019,1250,0,Standard,Yes
CYC2019163,2019,850,50,Basic,Yes
CYC2019164,2019,1100,0,Standard,Yes
CYC2019165,2019,850,50,Premium,No
CYC2019166,2019,1250,0,Standard,Yes
CYC2019167,2019,1250,0,Standard,No
CYC2019168,2019,1100,0,Premium,Yes
CYC2019169,2019,1100,25,Standard,No
CYC2019170,2019,850,0,Standard,Yes
CYC2019171,2019,1100,0,Standard,No
CYC2019172,2019,1250,0,Standard,No
CYC2019173,2019,1100,25,Standard,No
CYC2019174,2019,850,25,Standard,Yes
CYC2019175,2019,850,0,Basic,Yes
CYC2019176,2019,1100,50,Premium,No
CYC2019177,2019,1250,0,Standard,Yes
CYC2019178,2019,1250,50,Premium,No
CYC2019179,2019,850,0,Standard,Yes
CYC2019180,2019,850,50,Standard,Yes
CYC2019181,2019,1250,0,Premium,No
CYC2019182,2019,1250,75,Premium,Yes
CYC2019183,2019,950,0,Basic,No
CYC2019184,2019,950,0,Standard,Yes
CYC2019185,2019,1250,25,Premium,Yes
CYC2019186,2019,1100,50,Standard,No
CYC2019187,2019,1100,0,Basic,Yes
CYC2019188,2019,850,0,Standard,No
CYC2019189,2019,1250,75,Standard,Yes
CYC2019190,2019,1100,50,Standard,Yes
CYC2019191,2019,1250,50,Basic,Yes
CYC2019192,2019,950,50,Standard,Yes
CYC2019193,2019,950,0,Standard,Yes
CYC2019194,2019,850,50,Basic,Yes
CYC2019195,2019,1250,75,Standard,Yes
CYC2019196,2019,850,0,Premium,Yes
CYC2019197,2019,850,0,Standard,Yes
CYC2019198,2019,950,25,Basic,No
CYC2019199,2019,950,0,Standard,No
CYC2019200,2019,850,50,Standard,Yes
CYC2019201,2019,850,25,Premium,No
CYC2020001,2020,1250,75,Standard,No
CYC2020002,2020,850,75,Standard,Yes
CYC2020003,2020,1100,0,Premium,Yes
CYC2020004,2020,850,0,Standard,Yes
CYC2020005,2020,1250,0,Basic,No
CYC2020006,2020,950,50,Standard,Yes
CYC2020007,2020,850,75,Standard,No
CYC2020008,2020,850,0,Basic,Yes
CYC2020009,2020,1100,0,Premium,Yes
CYC2020010,2020,1250,50,Standard,No
CYC2020011,2020,1250,0,Standard,Yes
CYC2020012,2020,950,25,Standard,No
CYC2020013,2020,1100,50,Basic,Yes
CYC2020014,2020,1250,75,Premium,Yes
CYC2020015,2020,950,0,Premium,Yes
CYC2020016,2020,850,25,Standard,No
CYC2020017,2020,850,50,Basic,No
CYC2020018,2020,950,0,Standard,Yes
CYC2020019,2020,950,75,Premium,Yes
CYC2020020,2020,1100,0,Premium,Yes
CYC2020021,2020,1100,50,Standard,Yes
CYC2020022,2020,1250,25,Standard,Yes
CYC2020023,2020,1100,75,Standard,No
CYC2020024,2020,1100,0,Standard,Yes
CYC2020025,2020,850,25,Standard,No
CYC2020026,2020,950,0,Standard,Yes
CYC2020027,2020,1100,25,Standard,Yes
CYC2020028,2020,1100,50,Standard,Yes
CYC2020029,2020,1100,75,Premium,Yes
CYC2020030,2020,1100,25,Standard,No
CYC2020031,2020,950,25,Basic,No
CYC2020032,2020,950,0,Standard,No
CYC2020033,2020,1100,0,Standard,Yes
CYC2020034,2020,850,0,Premium,No
CYC2020035,2020,950,50,Standard,Yes
CYC2020036,2020,1250,50,Standard,No
CYC2020037,2020,850,50,Basic,Yes
CYC2020038,2020,950,25,Standard,No
CYC2020039,2020,1250,25,Standard,Yes
CYC2020040,2020,950,75,Standard,No
CYC2020041,2020,1250,75,Standard,Yes
CYC2020042,2020,1250,75,Premium,Yes
CYC2020043,2020,1100,0,Standard,Yes
CYC2020044,2020,850,50,Standard,Yes
CYC2020045,2020,950,25,Basic,Yes
CYC2020046,2020,950,0,Standard,Yes
CYC2020047,2020,1100,0,Standard,Yes
CYC2020048,2020,1100,75,Basic,Yes
CYC2020049,2020,950,0,Premium,Yes
CYC2020050,2020,1100,25,Premium,No
CYC2020051,2020,850,25,Standard,No
CYC2020052,2020,1250,0,Standard,Yes
CYC2020053,2020,1100,25,Premium,Yes
CYC2020054,2020,850,0,Premium,Yes
CYC2020055,2020,950,50,Standard,Yes
CYC2020056,2020,1250,0,Standard,Yes
CYC2020057,2020,850,0,Standard,Yes
CYC2020058,2020,850,0,Basic,No
CYC2020059,2020,950,25,Standard,Yes
CYC2020060,2020,850,0,Premium,Yes
CYC2020061,2020,1250,75,Standard,Yes
CYC2020062,2020,850,0,Standard,No
CYC2020063,2020,1100,0,Standard,Yes
CYC2020064,2020,950,50,Standard,No
CYC2020065,2020,1250,50,Basic,No
CYC2020066,2020,1100,0,Standard,No
CYC2020067,2020,850,25,Standard,No
CYC2020068,2020,950,75,Standard,No
CYC2020069,2020,850,50,Basic,No
CYC2020070,2020,1100,0,Premium,No
CYC2020071,2020,950,25,Premium,No
CYC2020072,2020,1100,25,Standard,Yes
CYC2020073,2020,1250,50,Basic,Yes
CYC2020074,2020,1250,0,Basic,No
CYC2020075,2020,850,25,Standard,Yes
CYC2020076,2020,850,75,Basic,No
CYC2020077,2020,1100,25,Standard,Yes
CYC2020078,2020,1250,50,Standard,Yes
CYC2020079,2020,850,50,Standard,No
CYC2020080,2020,950,0,Premium,Yes
CYC2020081,2020,1100,0,Standard,No
CYC2020082,2020,850,25,Basic,No
CYC2020083,2020,1250,0,Standard,Yes
CYC2020084,2020,1250,25,Standard,Yes
CYC2020085,2020,1100,50,Standard,No
CYC2020086,2020,850,50,Standard,Yes
CYC2020087,2020,1100,25,Premium,Yes
CYC2020088,2020,950,25,Standard,No
CYC2020089,2020,950,25,Standard,Yes
CYC2020090,2020,1250,75,Standard,No
CYC2020091,2020,1250,25,Basic,Yes
CYC2020092,2020,850,50,Standard,Yes
CYC2020093,2020,850,0,Standard,No
CYC2020094,2020,950,50,Standard,Yes
CYC2020095,2020,950,0,Standard,No
CYC2020096,2020,1100,25,Standard,Yes
CYC2020097,2020,1250,0,Standard,Yes
CYC2020098,2020,850,25,Standard,Yes
CYC2020099,2020,1250,75,Standard,No
CYC2020100,2020,1100,0,Standard,No
CYC2020101,2020,850,50,Basic,Yes
CYC2020102,2020,850,0,Standard,Yes
CYC2020103,2020,850,0,Premium,Yes
CYC2020104,2020,1100,0,Basic,No
CYC2020105,2020,950,50,Standard,Yes
CYC2020106,2020,1100,50,Standard,Yes
CYC2020107,2020,1100,50,Standard,Yes
CYC2020108,2020,950,0,Standard,Yes
CYC2020109,2020,950,0,Standard,Yes
CYC2020110,2020,950,25,Standard,No
CYC2020111,2020,850,25,Standard,Yes
CYC2020112,2020,1250,0,Premium,No
CYC2020113,2020,850,25,Standard,Yes
CYC2020114,2020,1250,0,Standard,No
CYC2020115,2020,1100,0,Standard,Yes
CYC2020116,2020,850,0,Basic,Yes
CYC2020117,2020,1250,75,Basic,No
CYC2020118,2020,1250,0,Standard,Yes
CYC2020119,2020,1250,25,Standard,No
CYC2020120,2020,850,50,Standard,Yes
CYC2020121,2020,950,50,Basic,Yes
CYC2020122,2020,1100,50,Standard,No
CYC2020123,2020,950,0,Standard,No
CYC2020124,2020,1250,25,Premium,No
CYC2020125,2020,850,50,Basic,No
CYC2020126,2020,850,75,Basic,No
CYC2020127,2020,1250,25,Standard,Yes
CYC2020128,2020,950,0,Standard,Yes
CYC2020129,2020,950,50,Premium,No
CYC2020130,2020,1100,25,Standard,No
CYC2020131,2020,850,50,Standard,Yes
CYC2020132,2020,850,25,Standard,Yes
CYC2020133,2020,1100,0,Standard,Yes
CYC2020134,2020,1100,25,Standard,No
CYC2020135,2020,1100,0,Standard,No
CYC2020136,2020,1250,50,Standard,Yes
CYC2020137,2020,1100,50,Standard,Yes
CYC2020138,2020,1100,50,Standard,Yes
CYC2020139,2020,850,25,Premium,Yes
CYC2020140,2020,1100,0,Premium,No
CYC2020141,2020,850,0,Premium,Yes
CYC2020142,2020,950,25,Premium,Yes
CYC2020143,2020,850,0,Standard,Yes
CYC2020144,2020,950,0,Standard,Yes
CYC2020145,2020,1100,25,Standard,Yes
CYC2020146,2020,850,0,Standard,Yes
CYC2020147,2020,950,0,Standard,Yes
CYC2020148,2020,950,0,Standard,No
CYC2020149,2020,1100,50,Basic,No
CYC2020150,2020,1100,25,Standard,Yes
CYC2020151,2020,1250,50,Standard,No
CYC2020152,2020,1250,0,Standard,Yes
CYC2020153,2020,1250,0,Standard,Yes
CYC2020154,2020,950,50,Standard,Yes
CYC2020155,2020,1250,25,Standard,No
CYC2020156,2020,950,50,Premium,Yes
CYC2020157,2020,1100,25,Basic,No
CYC2020158,2020,850,50,Standard,Yes
CYC2020159,2020,1100,0,Basic,No
CYC2020160,2020,950,25,Premium,No
CYC2020161,2020,950,0,Standard,Yes
CYC2020162,2020,850,0,Standard,Yes
CYC2020163,2020,950,75,Premium,Yes
CYC2020164,2020,850,75,Basic,Yes
CYC2020165,2020,1250,0,Premium,Yes
CYC2020166,2020,850,0,Premium,Yes
CYC2020167,2020,850,25,Premium,Yes
CYC2020168,2020,1250,50,Standard,No
CYC2020169,2020,1250,0,Basic,No
CYC2020170,2020,950,0,Premium,Yes
CYC2020171,2020,1250,0,Standard,Yes
CYC2020172,2020,850,75,Standard,Yes
CYC2020173,2020,1100,0,Standard,Yes
CYC2020174,2020,1100,0,Basic,Yes
CYC2020175,2020,850,25,Standard,Yes
CYC2020176,2020,1250,75,Standard,Yes
CYC2020177,2020,1100,0,Premium,Yes
CYC2020178,2020,1250,0,Basic,No
CYC2020179,2020,950,25,Standard,Yes
CYC2020180,2020,850,50,Basic,Yes
CYC2020181,2020,950,0,Standard,Yes
CYC2020182,2020,1100,50,Standard,Yes
CYC2020183,2020,1250,75,Standard,Yes
CYC2020184,2020,1250,0,Standard,Yes
CYC2020185,2020,1250,0,Basic,Yes
CYC2021001,2021,850,25,Premium,No
CYC2021002,2021,950,0,Basic,Yes
CYC2021003,2021,850,50,Basic,No
CYC2021004,2021,1100,0,Premium,Yes
CYC2021005,2021,950,50,Basic,Yes
CYC2021006,2021,1100,50,Premium,Yes
CYC2021007,2021,850,50,Premium,Yes
CYC2021008,2021,1250,25,Premium,Yes
CYC2021009,2021,1250,75,Standard,Yes
CYC2021010,2021,1250,50,Standard,Yes
CYC2021011,2021,1100,50,Premium,No
CYC2021012,2021,1100,50,Premium,No
CYC2021013,2021,950,0,Basic,Yes
CYC2021014,2021,1250,50,Standard,No
CYC2021015,2021,1100,0,Premium,Yes
CYC2021016,2021,1100,0,Standard,Yes
CYC2021017,2021,850,0,Basic,Yes
CYC2021018,2021,850,0,Basic,Yes
CYC2021019,2021,1250,25,Premium,No
CYC2021020,2021,1250,0,Standard,Yes
CYC2021021,2021,1250,0,Standard,No
CYC2021022,2021,1100,25,Standard,Yes
CYC2021023,2021,850,25,Standard,Yes
CYC2021024,2021,1100,0,Standard,No
CYC2021025,2021,1250,25,Standard,No
CYC2021026,2021,1250,50,Standard,Yes
CYC2021027,2021,1250,0,Standard,Yes
CYC2021028,2021,1250,0,Standard,Yes
CYC2021029,2021,1100,0,Premium,Yes
CYC2021030,2021,950,0,Premium,No
CYC2021031,2021,850,0,Basic,Yes
CYC2021032,2021,1250,0,Standard,Yes
CYC2021033,2021,1250,25,Standard,Yes
CYC2021034,2021,1250,50,Standard,No
CYC2021035,2021,950,0,Premium,Yes
CYC2021036,2021,1100,0,Standard,Yes
CYC2021037,2021,850,25,Standard,No
CYC2021038,2021,850,25,Basic,Yes
CYC2021039,2021,850,50,Standard,Yes
CYC2021040,2021,1250,25,Premium,No
CYC2021041,2021,850,25,Premium,No
CYC2021042,2021,1250,0,Standard,Yes
CYC2021043,2021,950,0,Premium,Yes
CYC2021044,2021,1250,0,Standard,No
CYC2021045,2021,1100,25,Basic,Yes
CYC2021046,2021,1100,25,Standard,No
CYC2021047,2021,1100,0,Standard,No
CYC2021048,2021,1100,50,Standard,No
CYC2021049,2021,1250,50,Standard,Yes
CYC2021050,2021,1100,25,Standard,No
CYC2021051,2021,950,25,Standard,Yes
CYC2021052,2021,950,50,Standard,Yes
CYC2021053,2021,1100,25,Standard,No
CYC2021054,2021,950,0,Basic,Yes
CYC2021055,2021,950,0,Premium,Yes
CYC2021056,2021,1100,50,Standard,No
CYC2021057,2021,1100,50,Standard,Yes
CYC2021058,2021,1100,50,Standard,Yes
CYC2021059,2021,950,0,Standard,Yes
CYC2021060,2021,1100,50,Standard,Yes
CYC2021061,2021,850,0,Standard,Yes
CYC2021062,2021,950,0,Premium,Yes
CYC2021063,2021,850,50,Standard,Yes
CYC2021064,2021,1250,25,Premium,No
CYC2021065,2021,850,0,Standard,Yes
CYC2021066,2021,1250,0,Basic,No
CYC2021067,2021,1250,0,Premium,Yes
CYC2021068,2021,950,0,Standard,Yes
CYC2021069,2021,1100,50,Standard,No
CYC2021070,2021,950,0,Standard,No
CYC2021071,2021,1100,50,Premium,Yes
CYC2021072,2021,850,25,Premium,No
CYC2021073,2021,850,0,Standard,Yes
CYC2021074,2021,850,50,Standard,Yes
CYC2021075,2021,950,50,Standard,Yes
CYC2021076,2021,950,25,Basic,Yes
CYC2021077,2021,850,50,Standard,Yes
CYC2021078,2021,850,50,Standard,Yes
CYC2021079,2021,950,75,Standard,Yes
CYC2021080,2021,950,0,Basic,No
CYC2021081,2021,1250,0,Basic,Yes
CYC2021082,2021,950,0,Standard,Yes
CYC2021083,2021,950,0,Basic,Yes
CYC2021084,2021,1250,0,Standard,No
CYC2021085,2021,850,75,Basic,Yes
CYC2021086,2021,1250,50,Standard,Yes
CYC2021087,2021,1100,50,Premium,Yes
CYC2021088,2021,950,50,Standard,Yes
CYC2021089,2021,1250,0,Premium,No
CYC2021090,2021,1250,25,Standard,No
CYC2021091,2021,1100,0,Basic,Yes
CYC2021092,2021,850,50,Standard,Yes
CYC2021093,2021,1100,0,Standard,Yes
CYC2021094,2021,1100,0,Premium,No
CYC2021095,2021,1100,25,Premium,No
CYC2021096,2021,1100,0,Premium,Yes
CYC2021097,2021,1100,50,Standard,No
CYC2021098,2021,1250,0,Standard,Yes
CYC2021099,2021,850,50,Premium,Yes
CYC2021100,2021,950,50,Basic,No
CYC2021101,2021,1250,0,Standard,Yes
CYC2021102,2021,1100,25,Basic,Yes
CYC2021103,2021,1100,0,Standard,No
CYC2021104,2021,850,25,Standard,Yes
CYC2021105,2021,1250,75,Premium,No
CYC2021106,2021,1250,0,Basic,No
CYC2021107,2021,1250,25,Standard,Yes
CYC2021108,2021,1100,50,Standard,Yes
CYC2021109,2021,1100,25,Premium,Yes
CYC2021110,2021,1250,75,Standard,Yes
CYC2021111,2021,1100,0,Premium,Yes
CYC2021112,2021,950,25,Standard,Yes
CYC2021113,2021,1250,0,Premium,No
CYC2021114,2021,950,50,Premium,Yes
CYC2021115,2021,850,50,Standard,Yes
CYC2021116,2021,1250,25,Basic,Yes
CYC2021117,2021,850,0,Standard,Yes
CYC2021118,2021,850,0,Standard,No
CYC2021119,2021,850,0,Premium,Yes
CYC2021120,2021,1100,75,Standard,Yes
CYC2021121,2021,1250,0,Standard,No
CYC2021122,2021,850,50,Standard,Yes
CYC2021123,2021,1250,75,Standard,Yes
CYC2021124,2021,850,50,Standard,Yes
CYC2021125,2021,850,50,Standard,Yes
CYC2021126,2021,1250,0,Standard,No
CYC2021127,2021,1250,25,Standard,No
CYC2021128,2021,1250,50,Basic,No
CYC2021129,2021,950,50,Basic,No
CYC2021130,2021,950,0,Standard,No
CYC2021131,2021,850,0,Standard,No
CYC2021132,2021,850,25,Premium,Yes
CYC2021133,2021,950,0,Standard,Yes
CYC2021134,2021,1250,25,Standard,Yes
CYC2021135,2021,1250,25,Standard,Yes
CYC2021136,2021,950,0,Standard,Yes
CYC2021137,2021,1100,50,Premium,Yes
CYC2021138,2021,1250,50,Standard,Yes
CYC2021139,2021,850,0,Standard,Yes
CYC2021140,2021,1250,0,Basic,Yes
CYC2021141,2021,1100,0,Standard,Yes
CYC2021142,2021,950,0,Standard,Yes
CYC2021143,2021,1100,25,Premium,Yes
CYC2021144,2021,1250,50,Premium,Yes
CYC2021145,2021,850,25,Standard,No
CYC2021146,2021,1250,75,Premium,No
CYC2021147,2021,1250,25,Standard,Yes
CYC2021148,2021,950,0,Standard,Yes
CYC2021149,2021,1250,0,Standard,Yes
CYC2021150,2021,850,75,Standard,Yes
CYC2021151,2021,850,0,Standard,No
CYC2021152,2021,1100,75,Premium,Yes
CYC2021153,2021,950,0,Basic,Yes
CYC2021154,2021,850,50,Basic,Yes
CYC2021155,2021,850,50,Premium,No
CYC2021156,2021,950,25,Premium,Yes
CYC2021157,2021,850,0,Premium,No
CYC2021158,2021,1250,0,Premium,No
CYC2021159,2021,950,25,Standard,Yes
CYC2021160,2021,1100,50,Standard,Yes
CYC2021161,2021,1250,25,Basic,Yes
CYC2021162,2021,850,50,Standard,Yes
CYC2021163,2021,850,25,Standard,Yes
CYC2021164,2021,950,0,Standard,Yes
CYC2021165,2021,1100,0,Basic,Yes
CYC2021166,2021,1100,0,Standard,No
CYC2021167,2021,1100,0,Basic,No
CYC2021168,2021,1250,0,Standard,Yes
CYC2021169,2021,1100,50,Premium,No
CYC2021170,2021,850,0,Standard,Yes
CYC2021171,2021,1100,25,Basic,No
CYC2021172,2021,950,0,Standard,Yes
CYC2021173,2021,1250,25,Standard,Yes
CYC2021174,2021,950,50,Standard,Yes
CYC2021175,2021,850,25,Basic,Yes
CYC2021176,2021,1100,75,Basic,No
CYC2021177,2021,1100,0,Basic,Yes
CYC2021178,2021,950,50,Basic,Yes
CYC2021179,2021,950,75,Standard,No
CYC2021180,2021,1100,0,Standard,No
CYC2021181,2021,950,0,Standard,Yes
CYC2021182,2021,1100,25,Basic,Yes
CYC2021183,2021,1250,50,Standard,Yes
CYC2021184,2021,850,50,Standard,Yes
CYC2021185,2021,1250,50,Basic,No
CYC2021186,2021,850,0,Premium,No
CYC2021187,2021,1250,0,Standard,Yes
CYC2021188,2021,1100,0,Basic,No
CYC2021189,2021,950,50,Standard,Yes
CYC2021190,2021,950,0,Standard,Yes
CYC2021191,2021,850,50,Premium,Yes
CYC2021192,2021,850,50,Standard,No
CYC2021193,2021,1250,0,Premium,Yes
CYC2021194,2021,950,75,Standard,No
CYC2021195,2021,950,25,Standard,Yes
CYC2021196,2021,850,0,Standard,Yes
CYC2021197,2021,950,25,Basic,Yes
CYC2021198,2021,1250,75,Standard,No
CYC2021199,2021,1250,75,Standard,Yes
CYC2021200,2021,950,75,Basic,Yes
CYC2021201,2021,1100,75,Basic,Yes
CYC2021202,2021,1250,25,Basic,Yes
CYC2021203,2021,950,0,Standard,No
CYC2021204,2021,1100,50,Premium,No
CYC2021205,2021,1250,0,Standard,No
CYC2021206,2021,950,0,Standard,Yes
CYC2021207,2021,850,50,Basic,Yes
CYC2021208,2021,1250,25,Premium,No
CYC2022001,2022,850,25,Standard,Yes
CYC2022002,2022,1100,75,Standard,Yes
CYC2022003,2022,950,0,Standard,Yes
CYC2022004,2022,950,25,Standard,Yes
CYC2022005,2022,850,0,Premium,No
CYC2022006,2022,950,0,Standard,Yes
CYC2022007,2022,850,0,Premium,Yes
CYC2022008,2022,1100,50,Premium,Yes
CYC2022009,2022,950,50,Basic,Yes
CYC2022010,2022,850,50,Standard,No
CYC2022011,2022,850,25,Standard,Yes
CYC2022012,2022,1250,75,Standard,No
CYC2022013,2022,950,0,Basic,No
CYC2022014,2022,1250,0,Standard,Yes
CYC2022015,2022,1100,75,Standard,Yes
CYC2022016,2022,1100,50,Standard,No
CYC2022017,2022,1250,50,Standard,Yes
CYC2022018,2022,850,0,Premium,No
CYC2022019,2022,1100,25,Standard,Yes
CYC2022020,2022,1250,0,Standard,Yes
CYC2022021,2022,850,50,Standard,Yes
CYC2022022,2022,1100,50,Standard,Yes
CYC2022023,2022,1250,0,Standard,Yes
CYC2022024,2022,1250,50,Standard,Yes
CYC2022025,2022,1100,75,Basic,Yes
CYC2022026,2022,1250,50,Standard,Yes
CYC2022027,2022,1250,75,Standard,No
CYC2022028,2022,850,0,Standard,Yes
CYC2022029,2022,850,75,Premium,No
CYC2022030,2022,950,25,Basic,Yes
CYC2022031,2022,850,0,Standard,No
CYC2022032,2022,1250,25,Standard,Yes
CYC2022033,2022,850,75,Premium,Yes
CYC2022034,2022,1250,25,Basic,Yes
CYC2022035,2022,850,0,Basic,No
CYC2022036,2022,1100,50,Standard,Yes
CYC2022037,2022,850,50,Basic,No
CYC2022038,2022,850,0,Standard,Yes
CYC2022039,2022,1100,0,Premium,Yes
CYC2022040,2022,850,50,Premium,Yes
CYC2022041,2022,1100,75,Premium,No
CYC2022042,2022,1250,0,Basic,No
CYC2022043,2022,1100,50,Basic,Yes
CYC2022044,2022,950,0,Premium,Yes
CYC2022045,2022,850,50,Standard,Yes
CYC2022046,2022,1250,0,Basic,No
CYC2022047,2022,1100,50,Standard,No
CYC2022048,2022,1100,75,Premium,Yes
CYC2022049,2022,1100,25,Standard,Yes
CYC2022050,2022,1100,0,Basic,Yes
CYC2022051,2022,950,25,Basic,No
CYC2022052,2022,1100,50,Standard,Yes
CYC2022053,2022,850,0,Standard,Yes
CYC2022054,2022,1100,50,Basic,No
CYC2022055,2022,850,0,Standard,No
CYC2022056,2022,1250,50,Premium,No
CYC2022057,2022,850,25,Premium,Yes
CYC2022058,2022,850,25,Standard,Yes
CYC2022059,2022,1100,0,Standard,Yes
CYC2022060,2022,1250,0,Standard,Yes
CYC2022061,2022,950,50,Standard,No
CYC2022062,2022,850,50,Standard,No
CYC2022063,2022,1100,75,Basic,Yes
CYC2022064,2022,1250,50,Standard,Yes
CYC2022065,2022,850,50,Standard,Yes
CYC2022066,2022,850,0,Premium,No
CYC2022067,2022,850,0,Basic,Yes
CYC2022068,2022,850,25,Premium,No
CYC2022069,2022,850,0,Basic,Yes
CYC2022070,2022,950,50,Standard,No
CYC2022071,2022,950,75,Standard,Yes
CYC2022072,2022,1100,25,Premium,No
CYC2022073,2022,850,50,Premium,Yes
CYC2022074,2022,1250,25,Premium,Yes
CYC2022075,2022,1250,0,Standard,Yes
CYC2022076,2022,850,25,Standard,Yes
CYC2022077,2022,1250,25,Standard,Yes
CYC2022078,2022,950,25,Standard,No
CYC2022079,2022,1100,25,Premium,Yes
CYC2022080,2022,1250,50,Standard,Yes
CYC2022081,2022,850,25,Standard,Yes
CYC2022082,2022,850,0,Standard,Yes
CYC2022083,2022,850,75,Premium,Yes
CYC2022084,2022,850,0,Standard,Yes
CYC2022085,2022,1100,25,Premium,Yes
CYC2022086,2022,950,0,Standard,No
CYC2022087,2022,950,25,Basic,No
CYC2022088,2022,950,50,Standard,No
CYC2022089,2022,950,50,Basic,No
CYC2022090,2022,1100,0,Basic,No
CYC2022091,2022,850,50,Premium,No
CYC2022092,2022,1250,25,Standard,Yes
CYC2022093,2022,1250,0,Standard,No
CYC2022094,2022,850,50,Standard,Yes
CYC2022095,2022,1250,50,Basic,Yes
CYC2022096,2022,950,50,Premium,No
CYC2022097,2022,1100,0,Premium,Yes
CYC2022098,2022,850,25,Standard,No
CYC2022099,2022,850,75,Premium,Yes
CYC2022100,2022,1250,0,Standard,Yes
CYC2022101,2022,950,0,Standard,No
CYC2022102,2022,950,25,Premium,Yes
CYC2022103,2022,950,0,Standard,No
CYC2022104,2022,850,0,Standard,Yes
CYC2022105,2022,1100,0,Premium,No
CYC2022106,2022,1100,0,Basic,No
CYC2022107,2022,1250,75,Standard,Yes
CYC2022108,2022,850,50,Standard,Yes
CYC2022109,2022,1250,50,Basic,Yes
CYC2022110,2022,1100,0,Basic,No
CYC2022111,2022,850,0,Premium,Yes
CYC2022112,2022,950,25,Basic,Yes
CYC2022113,2022,1100,0,Premium,No
CYC2022114,2022,1100,75,Standard,Yes
CYC2022115,2022,1250,50,Standard,No
CYC2022116,2022,850,0,Standard,No
CYC2022117,2022,950,50,Standard,No
CYC2022118,2022,1250,75,Standard,Yes
CYC2022119,2022,850,0,Standard,Yes
CYC2022120,2022,850,0,Standard,Yes
CYC2022121,2022,850,25,Standard,Yes
CYC2022122,2022,1100,0,Basic,Yes
CYC2022123,2022,1250,25,Standard,Yes
CYC2022124,2022,1250,50,Basic,No
CYC2022125,2022,1250,0,Standard,Yes
CYC2022126,2022,950,0,Standard,Yes
CYC2022127,2022,1100,0,Standard,Yes
CYC2022128,2022,1250,75,Premium,Yes
CYC2022129,2022,950,50,Standard,No
CYC2022130,2022,950,0,Standard,Yes
CYC2022131,2022,850,0,Basic,Yes
CYC2022132,2022,1250,25,Standard,No
CYC2022133,2022,850,0,Premium,Yes
CYC2022134,2022,1250,0,Basic,No
CYC2022135,2022,1100,25,Standard,Yes
CYC2022136,2022,1250,0,Standard,Yes
CYC2022137,2022,950,50,Basic,Yes
CYC2022138,2022,850,25,Standard,Yes
CYC2022139,2022,1100,0,Standard,Yes
CYC2022140,2022,1100,25,Basic,Yes
CYC2022141,2022,950,25,Standard,Yes
CYC2022142,2022,950,0,Premium,Yes
CYC2022143,2022,1250,0,Standard,Yes
CYC2022144,2022,850,75,Premium,No
CYC2022145,2022,950,25,Standard,No
CYC2022146,2022,1100,50,Basic,No
CYC2022147,2022,850,0,Standard,Yes
CYC2022148,2022,950,50,Standard,No
CYC2022149,2022,950,25,Premium,No
CYC2022150,2022,1250,75,Standard,No
CYC2022151,2022,1250,0,Standard,No
CYC2022152,2022,850,0,Premium,Yes
CYC2022153,2022,1250,0,Standard,Yes
CYC2022154,2022,1250,0,Standard,Yes
CYC2022155,2022,1100,0,Standard,Yes
CYC2022156,2022,850,0,Standard,Yes
CYC2022157,2022,950,50,Premium,Yes
CYC2022158,2022,1250,50,Standard,No
CYC2022159,2022,1100,25,Premium,Yes
CYC2022160,2022,1100,25,Standard,No
CYC2022161,2022,1100,50,Basic,Yes
CYC2022162,2022,950,50,Standard,Yes
CYC2022163,2022,950,50,Basic,Yes
CYC2022164,2022,1250,0,Standard,Yes
CYC2022165,2022,850,75,Standard,No
CYC2022166,2022,850,0,Standard,Yes
CYC2022167,2022,850,75,Standard,Yes
CYC2022168,2022,850,25,Premium,Yes
CYC2022169,2022,950,0,Premium,Yes
CYC2022170,2022,850,25,Standard,No
CYC2022171,2022,1100,0,Standard,Yes
CYC2022172,2022,1250,25,Basic,Yes
CYC2022173,2022,950,50,Standard,Yes
CYC2022174,2022,1250,25,Premium,Yes
CYC2022175,2022,1250,0,Premium,Yes
CYC2022176,2022,1250,0,Standard,No
CYC2022177,2022,950,0,Standard,Yes
CYC2022178,2022,1250,0,Basic,Yes
CYC2022179,2022,950,25,Standard,No
CYC2022180,2022,950,25,Standard,Yes
CYC2022181,2022,850,25,Standard,Yes
CYC2022182,2022,1250,25,Standard,Yes
CYC2022183,2022,950,50,Standard,Yes
CYC2022184,2022,1100,50,Premium,Yes
CYC2022185,2022,850,0,Premium,No
CYC2022186,2022,950,25,Standard,No
CYC2022187,2022,1100,75,Standard,Yes
CYC2022188,2022,950,0,Standard,Yes
CYC2022189,2022,950,0,Premium,Yes
CYC2022190,2022,950,50,Basic,Yes
CYC2022191,2022,1250,25,Standard,Yes
CYC2022192,2022,1100,0,Basic,Yes
CYC2022193,2022,950,0,Basic,Yes
CYC2022194,2022,1100,50,Basic,No
CYC2022195,2022,1100,0,Basic,No
CYC2022196,2022,950,25,Premium,Yes
CYC2022197,2022,850,0,Standard,Yes
CYC2022198,2022,950,25,Basic,Yes
CYC2022199,2022,950,50,Standard,No
CYC2022200,2022,850,0,Premium,No
CYC2022201,2022,850,0,Basic,No
CYC2022202,2022,1250,0,Standard,Yes
CYC2022203,2022,850,0,Standard,No
CYC2022204,2022,950,25,Standard,No
CYC2022205,2022,1100,50,Standard,No
CYC2022206,2022,850,50,Standard,No
CYC2022207,2022,950,0,Standard,No
CYC2022208,2022,1100,50,Standard,Yes
CYC2022209,2022,1250,75,Basic,Yes
CYC2022210,2022,1250,25,Standard,No
CYC2022211,2022,1250,75,Standard,Yes
CYC2022212,2022,1250,50,Standard,Yes
CYC2022213,2022,950,25,Premium,No
CYC2023001,2023,950,25,Basic,Yes
CYC2023002,2023,850,0,Basic,Yes
CYC2023003,2023,1100,0,Standard,Yes
CYC2023004,2023,1250,75,Standard,Yes
CYC2023005,2023,1100,0,Standard,Yes
CYC2023006,2023,1100,0,Premium,Yes
CYC2023007,2023,950,50,Standard,No
CYC2023008,2023,1250,50,Premium,No
CYC2023009,2023,850,0,Standard,No
CYC2023010,2023,1100,25,Standard,Yes
CYC2023011,2023,1250,0,Standard,No
CYC2023012,2023,1250,0,Basic,Yes
CYC2023013,2023,850,75,Standard,No
CYC2023014,2023,1250,50,Standard,Yes
CYC2023015,2023,950,25,Basic,Yes
CYC2023016,2023,850,25,Standard,Yes
CYC2023017,2023,1250,0,Standard,Yes
CYC2023018,2023,1100,25,Premium,Yes
CYC2023019,2023,1100,25,Standard,No
CYC2023020,2023,850,75,Standard,No
CYC2023021,2023,1250,25,Basic,Yes
CYC2023022,2023,1100,0,Standard,Yes
CYC2023023,2023,1100,75,Premium,Yes
CYC2023024,2023,950,25,Basic,No
CYC2023025,2023,1250,50,Standard,Yes
CYC2023026,2023,950,0,Basic,Yes
CYC2023027,2023,1250,0,Basic,No
CYC2023028,2023,1100,25,Standard,No
CYC2023029,2023,1250,0,Premium,Yes
CYC2023030,2023,1100,50,Standard,No
CYC2023031,2023,850,0,Standard,Yes
CYC2023032,2023,1250,25,Standard,No
CYC2023033,2023,1250,25,Standard,Yes
CYC2023034,2023,850,0,Standard,Yes
CYC2023035,2023,950,50,Basic,No
CYC2023036,2023,1250,75,Standard,No
CYC2023037,2023,1100,50,Standard,Yes
CYC2023038,2023,1100,50,Premium,Yes
CYC2023039,2023,1250,0,Basic,Yes
CYC2023040,2023,850,50,Standard,Yes
CYC2023041,2023,1250,25,Standard,Yes
CYC2023042,2023,950,25,Basic,Yes
CYC2023043,2023,1100,0,Standard,Yes
CYC2023044,2023,1250,0,Premium,Yes
CYC2023045,2023,1250,50,Standard,Yes
CYC2023046,2023,1250,50,Premium,Yes
CYC2023047,2023,1100,50,Standard,Yes
CYC2023048,2023,850,75,Basic,No
CYC2023049,2023,1250,25,Standard,Yes
CYC2023050,2023,1100,25,Premium,No
CYC2023051,2023,1250,25,Standard,No
CYC2023052,2023,1100,0,Standard,No
CYC2023053,2023,1250,50,Standard,Yes
CYC2023054,2023,1100,50,Standard,No
CYC2023055,2023,1250,0,Standard,No
CYC2023056,2023,1250,25,Standard,No
CYC2023057,2023,950,0,Standard,Yes
CYC2023058,2023,950,75,Basic,Yes
CYC2023059,2023,1250,50,Standard,Yes
CYC2023060,2023,1100,75,Standard,Yes
CYC2023061,2023,850,75,Standard,Yes
CYC2023062,2023,950,0,Premium,No
CYC2023063,2023,1100,75,Basic,Yes
CYC2023064,2023,850,0,Standard,Yes
CYC2023065,2023,850,0,Standard,Yes
CYC2023066,2023,850,25,Premium,Yes
CYC2023067,2023,950,50,Premium,Yes
CYC2023068,2023,950,0,Premium,Yes
CYC2023069,2023,850,25,Standard,Yes
CYC2023070,2023,1250,0,Standard,Yes
CYC2023071,2023,1100,0,Standard,No
CYC2023072,2023,950,50,Standard,Yes
CYC2023073,2023,1100,50,Basic,Yes
CYC2023074,2023,950,75,Premium,Yes
CYC2023075,2023,850,25,Basic,Yes
CYC2023076,2023,1100,50,Standard,Yes
CYC2023077,2023,1250,50,Basic,No
CYC2023078,2023,950,50,Premium,No
CYC2023079,2023,1250,0,Premium,No
CYC2023080,2023,1100,0,Standard,No
CYC2023081,2023,1100,25,Premium,Yes
CYC2023082,2023,850,50,Basic,No
CYC2023083,2023,850,50,Standard,Yes
CYC2023084,2023,1250,50,Standard,Yes
CYC2023085,2023,1100,25,Standard,Yes
CYC2023086,2023,850,75,Premium,Yes
CYC2023087,2023,950,25,Standard,No
CYC2023088,2023,1100,0,Standard,No
CYC2023089,2023,1250,75,Standard,No
CYC2023090,2023,950,0,Standard,Yes
CYC2023091,2023,1100,50,Premium,Yes
CYC2023092,2023,950,75,Standard,No
CYC2023093,2023,1250,25,Basic,No
CYC2023094,2023,950,50,Premium,No
CYC2023095,2023,1100,0,Standard,No
CYC2023096,2023,1100,50,Standard,No
CYC2023097,2023,1250,0,Standard,Yes
CYC2023098,2023,1250,0,Standard,No
CYC2023099,2023,1100,25,Basic,No
CYC2023100,2023,1250,25,Basic,Yes
CYC2023101,2023,1250,0,Standard,Yes
CYC2023102,2023,1100,0,Standard,Yes
CYC2023103,2023,850,25,Standard,No
CYC2023104,2023,1100,50,Basic,Yes
CYC2023105,2023,1100,50,Premium,Yes
CYC2023106,2023,1100,0,Premium,Yes
CYC2023107,2023,1100,50,Standard,No
CYC2023108,2023,950,0,Premium,No
CYC2023109,2023,850,0,Standard,Yes
CYC2023110,2023,850,0,Standard,No
CYC2023111,2023,1100,0,Standard,No
CYC2023112,2023,1250,75,Standard,Yes
CYC2023113,2023,1250,0,Premium,No
CYC2023114,2023,1100,0,Premium,Yes
CYC2023115,2023,950,25,Premium,No
CYC2023116,2023,850,0,Standard,Yes
CYC2023117,2023,850,25,Premium,Yes
CYC2023118,2023,1100,0,Premium,Yes
CYC2023119,2023,1250,0,Basic,No
CYC2023120,2023,950,25,Standard,Yes
CYC2023121,2023,950,0,Standard,No
CYC2023122,2023,950,0,Standard,Yes
CYC2023123,2023,850,25,Standard,No
CYC2023124,2023,950,25,Standard,Yes
CYC2023125,2023,1250,25,Basic,Yes
CYC2023126,2023,1250,50,Premium,Yes
CYC2023127,2023,950,75,Standard,Yes
CYC2023128,2023,1250,0,Standard,Yes
CYC2023129,2023,1250,25,Basic,Yes
CYC2023130,2023,1100,50,Basic,Yes
CYC2023131,2023,1100,0,Premium,Yes
CYC2023132,2023,1250,25,Standard,Yes
CYC2023133,2023,1100,0,Standard,Yes
CYC2023134,2023,950,0,Standard,Yes
CYC2023135,2023,850,25,Standard,Yes
CYC2023136,2023,1250,0,Standard,Yes
CYC2023137,2023,950,50,Standard,Yes
CYC2023138,2023,950,0,Standard,Yes
CYC2023139,2023,1100,50,Premium,Yes
CYC2023140,2023,1250,0,Basic,Yes
CYC2023141,2023,850,50,Standard,No
CYC2023142,2023,950,0,Premium,Yes
CYC2023143,2023,950,0,Basic,Yes
CYC2023144,2023,1100,0,Standard,No
CYC2023145,2023,1100,0,Premium,Yes
CYC2023146,2023,1100,0,Basic,No
CYC2023147,2023,850,0,Premium,Yes
CYC2023148,2023,1100,0,Standard,Yes
CYC2023149,2023,850,0,Premium,Yes
CYC2023150,2023,950,75,Standard,No
CYC2023151,2023,950,0,Standard,Yes
CYC2023152,2023,850,75,Premium,Yes
CYC2023153,2023,950,25,Premium,Yes
CYC2023154,2023,850,0,Basic,No
CYC2023155,2023,1100,0,Standard,No
CYC2023156,2023,850,25,Standard,No
CYC2023157,2023,850,25,Standard,Yes
CYC2023158,2023,1250,0,Standard,Yes
CYC2023159,2023,1100,25,Standard,Yes
CYC2023160,2023,850,25,Standard,Yes
CYC2023161,2023,1250,50,Standard,Yes
CYC2023162,2023,1250,50,Standard,Yes
CYC2023163,2023,1250,25,Standard,No
CYC2023164,2023,950,25,Premium,No
CYC2023165,2023,950,0,Basic,No
CYC2023166,2023,1250,0,Basic,No
CYC2023167,2023,1250,25,Standard,No
CYC2023168,2023,950,50,Basic,No
CYC2023169,2023,1250,75,Basic,No
CYC2023170,2023,950,25,Standard,Yes
CYC2023171,2023,1100,0,Basic,No
CYC2023172,2023,850,0,Standard,No
CYC2023173,2023,850,25,Basic,Yes
CYC2023174,2023,1100,0,Standard,No
CYC2023175,2023,850,75,Standard,Yes
CYC2023176,2023,1250,25,Basic,Yes
CYC2023177,2023,1100,25,Basic,No
CYC2023178,2023,950,50,Standard,No
CYC2023179,2023,1250,0,Basic,Yes
CYC2023180,2023,950,75,Standard,Yes
CYC2023181,2023,950,0,Standard,Yes
CYC2023182,2023,850,0,Basic,No
CYC2023183,2023,850,0,Premium,Yes
CYC2023184,2023,850,0,Standard,No
CYC2023185,2023,1100,0,Basic,No
CYC2023186,2023,1100,0,Premium,No
CYC2023187,2023,850,75,Standard,Yes
CYC2023188,2023,1100,50,Standard,Yes
CYC2023189,2023,1100,25,Standard,Yes
CYC2023190,2023,850,25,Premium,Yes
CYC2023191,2023,1250,0,Standard,Yes
CYC2023192,2023,1250,50,Standard,No
CYC2023193,2023,1100,50,Standard,Yes
CYC2023194,2023,1250,0,Premium,Yes
CYC2023195,2023,1100,0,Standard,Yes
CYC2023196,2023,1250,50,Standard,Yes
CYC2023197,2023,1100,50,Standard,Yes
CYC2023198,2023,1250,25,Premium,No
CYC2023199,2023,1100,50,Standard,No
CYC2023200,2023,850,50,Standard,No
CYC2023201,2023,1250,0,Standard,Yes
CYC2023202,2023,1100,25,Basic,No
CYC2023203,2023,950,0,Standard,No
CYC2023204,2023,1100,25,Premium,No
CYC2023205,2023,1100,0,Basic,No
CYC2023206,2023,850,0,Basic,No
CYC2023207,2023,1100,75,Standard,Yes
